pathway	NES	padj	patient_id
Comm_1	1.7812851827275953	0.020667246574939766	TCGA-AQ-A04L
Comm_1	1.7208490096345537	0.03496108267653732	TCGA-B6-A0I1
Comm_7	1.5155099067197946	0.023644085475397154	TCGA-BH-A18S
Comm_7	1.4869438433277484	6.415462258927663e-4	TCGA-E9-A245
Comm_1	1.7011817995264096	0.03378047603763741	TCGA-LL-A6FR
Comm_1	1.787737051915211	0.015940015514767526	TCGA-OL-A66N
