pathway	NES	padj	patient_id
Comm_3	1.6967037104236287	0.04765148033165265	TCGA-BH-A28O
Comm_1	1.7193488562607242	0.025844523664431504	TCGA-D8-A1JL
Comm_1	1.7288616000856996	0.021771987367294646	TCGA-EW-A1P4
