pathway	NES	padj	patient_id
Comm_6	1.5909581315781227	0.04572011680444018	TCGA-AO-A0J7
Comm_1	1.6796103300109113	0.04488714309557072	TCGA-AO-A12F
Comm_6	1.7815695525154494	0.00227385259686879	TCGA-AQ-A1H2
Comm_1	1.6390340041306724	0.04662543635956093	TCGA-B6-A40C
Comm_1	1.5414002182650877	0.047245738204843214	TCGA-C8-A131
Comm_6	1.7752239421465394	0.005996704967642581	TCGA-D8-A3Z6
Comm_5	1.61856779472279	0.028507618301692714	TCGA-E2-A105
Comm_5	1.608333656553867	0.019744112855180233	TCGA-E2-A1IG
Comm_5	1.589697779546304	0.026188491936254575	TCGA-E9-A1R2
