pathway	NES	padj	patient_id
Comm_3	1.7776932721005299	0.0026700563627444513	TCGA-A2-A0CY
Comm_1	1.6617496677465	0.014789747309036571	TCGA-A2-A0ES
Comm_1	1.587434140986524	0.03600791428724634	TCGA-A8-A083
Comm_3	1.6912419017065228	0.027471102039917514	TCGA-A8-A08I
Comm_1	1.5807700366107256	0.04611951942748081	TCGA-AC-A2FG
Comm_1	1.7025728195983176	0.003079563050587437	TCGA-AR-A0U0
Comm_1	1.615641048271227	0.03139932804447667	TCGA-BH-A0EA
Comm_1	1.6095912561684063	0.04050750850842626	TCGA-BH-A0HK
Comm_3	1.7447772512980892	0.02818523617166897	TCGA-E2-A15E
